{
  "rows": 55500,
  "risk_min": 0.0,
  "risk_max": 0.999981981981982,
  "risk_mean": 0.499990990990991,
  "risk_p95": 0.9499828828828828,
  "nulls_billing": 0,
  "nulls_los_days": 0
}